gap_cap,drivers_compared,corr_with_main_rating
8,58,0.9814498190479757
10,58,0.9818889020103737
12,58,0.9820348544387673
15,58,0.9814767160384978
20,58,0.9809523090893827
